ano,id_municipio,distritos_sp,bairros_sp,total_empregos
2021,3550308,89,,13024
2021,3550308,9,21,37745
2021,3550308,36,,21746
2021,3550308,38,1737,180
2021,3550308,46,11,4402
2021,3550308,1,1460,1147
2021,3550308,48,775,9287
2021,3550308,62,,17651
2021,3550308,17,1739,161
2021,3550308,52,1759,3052
2021,3550308,20,84,1105
2021,3550308,71,1474,8829
2021,3550308,32,248,30701
2021,3550308,69,19,22575
2021,3550308,90,1176,17264
2021,3550308,11,1735,1016
2021,3550308,6,1325,11651
2021,3550308,91,1554,21373
2021,3550308,33,789,16922
2021,3550308,40,257,1022
2021,3550308,9,1051,20552
2021,3550308,59,1771,6460
2021,3550308,23,560,351
2021,3550308,18,1613,152
2021,3550308,32,1574,6400
2021,3550308,93,74,2190
2021,3550308,18,793,297
2021,3550308,73,1684,236
2021,3550308,64,1760,644
2021,3550308,81,1327,2533
2021,3550308,75,553,1156
2021,3550308,74,713,453
2021,3550308,95,1347,4282
2021,3550308,28,1055,918
2021,3550308,60,1309,4941
2021,3550308,75,988,882
2021,3550308,79,1670,4172
2021,3550308,80,99,170685
2021,3550308,68,1866,1158
2021,3550308,1,12,2044
2021,3550308,79,1058,14113
2021,3550308,17,,4294
2021,3550308,22,247,2069
2021,3550308,59,1639,2137
2021,3550308,72,1162,320
2021,3550308,72,1015,85
2021,3550308,18,1163,2174
2021,3550308,65,502,2945
2021,3550308,36,189,407
2021,3550308,85,1528,1963
2021,3550308,40,1564,118
2021,3550308,73,1576,637
2021,3550308,85,710,1514
2021,3550308,19,105,7431
2021,3550308,73,1228,248
2021,3550308,29,18,183
2021,3550308,94,1176,1857
2021,3550308,40,1178,4911
2021,3550308,57,200,926
2021,3550308,78,1285,3096
2021,3550308,37,38,193
2021,3550308,85,868,119
2021,3550308,27,1551,641
2021,3550308,78,1419,225
2021,3550308,15,942,547
2021,3550308,79,1149,2948
2021,3550308,63,1719,2195
2021,3550308,9,,2966
2021,3550308,41,1775,135
2021,3550308,42,1183,755
2021,3550308,13,1574,1524
2021,3550308,96,1846,5347
2021,3550308,16,611,1838
2021,3550308,35,68,5991
2021,3550308,23,968,126
2021,3550308,73,1506,860
2021,3550308,1,1492,417
2021,3550308,95,1130,2775
2021,3550308,78,1755,917
2021,3550308,55,652,505
2021,3550308,92,346,2028
2021,3550308,52,34,1719
2021,3550308,72,688,109
2021,3550308,72,257,833
2021,3550308,64,,11887
2021,3550308,47,7,10650
2021,3550308,59,1802,1212
2021,3550308,76,1815,236
2021,3550308,58,1082,1636
2021,3550308,85,1359,13059
2021,3550308,92,1638,33820
2021,3550308,15,599,584
2021,3550308,35,40,1006
2021,3550308,51,,2483
2021,3550308,20,1325,768
2021,3550308,57,728,1523
2021,3550308,36,1520,811
2021,3550308,53,483,1410
2021,3550308,44,188,1191
2021,3550308,8,1240,1258
2021,3550308,67,1245,2627
2021,3550308,48,1727,781
2021,3550308,70,1318,2447
2021,3550308,67,1747,1173
2021,3550308,66,22,7429
2021,3550308,16,1493,291
2021,3550308,75,783,448
2021,3550308,21,1186,449
2021,3550308,21,60,584
2021,3550308,2,1086,243
2021,3550308,42,667,694
2021,3550308,65,307,1426
2021,3550308,29,1701,450
2021,3550308,71,798,4040
2021,3550308,59,1450,645
2021,3550308,14,273,3075
2021,3550308,37,255,2634
2021,3550308,32,1698,384
2021,3550308,61,169,81
2021,3550308,67,1486,269
2021,3550308,34,909,187
2021,3550308,15,1825,730
2021,3550308,21,1812,1018
2021,3550308,62,292,2430
2021,3550308,14,20,1039
2021,3550308,7,47,642
2021,3550308,29,958,341
2021,3550308,81,615,847
2021,3550308,28,688,2241
2021,3550308,17,1088,3760
2021,3550308,17,208,737
2021,3550308,94,242,1520
2021,3550308,86,1458,183
2021,3550308,27,1699,282
2021,3550308,38,1791,1089
2021,3550308,14,1066,439
2021,3550308,90,1638,8019
2021,3550308,91,95,2104
2021,3550308,73,513,1264
2021,3550308,36,701,1113
2021,3550308,73,,3172
2021,3550308,58,792,2369
2021,3550308,28,249,789
2021,3550308,78,296,644
2021,3550308,49,1377,198
2021,3550308,7,1046,3849
2021,3550308,70,67,430
2021,3550308,84,34,1230
2021,3550308,79,1308,217
2021,3550308,36,1644,4221
2021,3550308,70,,923
2021,3550308,,1316,356
2021,3550308,31,309,396
2021,3550308,17,104,526
2021,3550308,72,1302,1919
2021,3550308,26,1331,813
2021,3550308,5,1817,378
2021,3550308,48,1300,397
2021,3550308,23,946,2231
2021,3550308,46,492,718
2021,3550308,88,1712,969
2021,3550308,87,,4117
2021,3550308,57,251,1050
2021,3550308,31,1111,290
2021,3550308,11,35,876
2021,3550308,5,165,378
2021,3550308,28,1755,274
2021,3550308,18,1140,776
2021,3550308,57,1441,16873
2021,3550308,2,14,6892
2021,3550308,11,1590,281
2021,3550308,15,576,300
2021,3550308,23,465,335
2021,3550308,55,277,1349
2021,3550308,11,817,253
2021,3550308,,1758,14
2021,3550308,63,904,199
2021,3550308,30,669,507
2021,3550308,20,1186,5218
2021,3550308,84,1318,3507
2021,3550308,72,1625,129
2021,3550308,41,913,317
2021,3550308,94,346,1524
2021,3550308,26,1413,6515
2021,3550308,22,1789,229
2021,3550308,49,245,639
2021,3550308,31,244,167
2021,3550308,29,1013,188
2021,3550308,74,590,82
2021,3550308,11,249,871
2021,3550308,13,245,1424
2021,3550308,76,1757,549
2021,3550308,22,1117,1255
2021,3550308,53,34,1332
2021,3550308,43,839,254
2021,3550308,85,1060,979
2021,3550308,61,1090,1171
2021,3550308,14,1126,857
2021,3550308,18,1150,223
2021,3550308,1,1792,1157
2021,3550308,63,1776,188
2021,3550308,85,1510,150
2021,3550308,28,225,1407
2021,3550308,48,84,283
2021,3550308,4,1484,22
2021,3550308,42,1587,250
2021,3550308,37,1706,1182
2021,3550308,24,156,506
2021,3550308,20,245,958
2021,3550308,28,509,782
2021,3550308,96,995,621
2021,3550308,93,1430,385
2021,3550308,23,52,1108
2021,3550308,1,1434,464
2021,3550308,53,1243,2702
2021,3550308,35,575,450
2021,3550308,88,1609,155
2021,3550308,96,635,5065
2021,3550308,27,211,871
2021,3550308,60,,1653
2021,3550308,22,1806,312
2021,3550308,11,1531,267
2021,3550308,87,1330,271
2021,3550308,85,223,537
2021,3550308,67,455,351
2021,3550308,78,406,242
2021,3550308,34,250,8046
2021,3550308,36,8,464
2021,3550308,4,,5714
2021,3550308,67,433,343
2021,3550308,42,884,32
2021,3550308,7,,15521
2021,3550308,79,37,1547
2021,3550308,8,1316,765
2021,3550308,47,1074,402
2021,3550308,18,1015,400
2021,3550308,21,1577,104
2021,3550308,34,248,656
2021,3550308,24,,564
2021,3550308,15,1843,1554
2021,3550308,59,1606,613
2021,3550308,87,1767,3106
2021,3550308,30,1722,874
2021,3550308,41,1177,473
2021,3550308,84,935,92
2021,3550308,53,1759,372
2021,3550308,70,1730,516
2021,3550308,2,1626,4543
2021,3550308,58,1134,299
2021,3550308,51,1148,400
2021,3550308,62,47,318
2021,3550308,95,1876,921
2021,3550308,22,423,223
2021,3550308,85,635,1352
2021,3550308,37,932,504
2021,3550308,78,949,6516
2021,3550308,80,1316,2608
2021,3550308,73,1216,2479
2021,3550308,71,36,515
2021,3550308,79,1272,663
2021,3550308,57,,630
2021,3550308,25,1413,6647
2021,3550308,7,1063,1042
2021,3550308,91,1372,1402
2021,3550308,21,1675,1197
2021,3550308,53,39,5270
2021,3550308,23,490,140
2021,3550308,15,1493,123
2021,3550308,43,201,1682
2021,3550308,73,1649,146
2021,3550308,22,1810,941
2021,3550308,49,1282,67
2021,3550308,77,246,363
2021,3550308,83,610,258
2021,3550308,18,140,706
2021,3550308,96,591,135
2021,3550308,12,848,113
2021,3550308,46,1200,568
2021,3550308,40,846,1249
2021,3550308,41,58,668
2021,3550308,35,318,88
2021,3550308,11,789,534
2021,3550308,85,293,543
2021,3550308,40,1229,352
2021,3550308,37,1081,107
2021,3550308,64,1494,98
2021,3550308,18,157,334
2021,3550308,55,57,304
2021,3550308,45,936,222
2021,3550308,12,242,1458
2021,3550308,63,1659,215
2021,3550308,35,1867,458
2021,3550308,29,1196,322
2021,3550308,45,512,198
2021,3550308,16,784,157
2021,3550308,22,1108,118
2021,3550308,4,503,121
2021,3550308,22,957,150
2021,3550308,79,246,373
2021,3550308,85,102,224
2021,3550308,6,1083,671
2021,3550308,41,551,50
2021,3550308,18,542,219
2021,3550308,29,971,82
2021,3550308,5,1131,430
2021,3550308,76,70,397
2021,3550308,51,243,774
2021,3550308,76,1353,967
2021,3550308,85,1016,113
2021,3550308,71,123,4316
2021,3550308,21,724,56
2021,3550308,94,626,42
2021,3550308,24,83,2446
2021,3550308,16,561,119
2021,3550308,53,1072,81
2021,3550308,16,485,6
2021,3550308,74,902,68
2021,3550308,4,363,128
2021,3550308,35,188,92
2021,3550308,29,579,8
2021,3550308,73,1650,78
2021,3550308,33,1540,1328
2021,3550308,28,1123,458
2021,3550308,91,1233,83
2021,3550308,17,508,90
2021,3550308,30,1122,58
2021,3550308,52,30,824
2021,3550308,5,754,391
2021,3550308,59,593,348
2021,3550308,11,498,294
2021,3550308,68,815,24
2021,3550308,72,1629,483
2021,3550308,56,97,384
2021,3550308,68,399,427
2021,3550308,50,1752,163
2021,3550308,86,1151,33
2021,3550308,28,125,119
2021,3550308,78,773,6
2021,3550308,84,1235,237
2021,3550308,74,914,28
2021,3550308,48,1328,273
2021,3550308,8,1078,925
2021,3550308,84,1467,165
2021,3550308,11,1217,146
2021,3550308,36,703,22
2021,3550308,82,233,206
2021,3550308,55,647,59
2021,3550308,77,1515,132
2021,3550308,18,632,122
2021,3550308,1,120,509
2021,3550308,18,1735,15
2021,3550308,96,711,0
2021,3550308,67,1861,99
2021,3550308,12,260,27
2021,3550308,55,390,11
2021,3550308,91,686,48
2021,3550308,,1797,222
2021,3550308,28,707,161
2021,3550308,28,1217,447
2021,3550308,75,1027,275
2021,3550308,31,684,137
2021,3550308,95,546,31
2021,3550308,93,1485,271
2021,3550308,86,1465,48
2021,3550308,77,891,89
2021,3550308,29,362,100
2021,3550308,63,628,138
2021,3550308,40,1026,95
2021,3550308,93,1574,223
2021,3550308,26,4,381
2021,3550308,40,807,262
2021,3550308,83,1359,485
2021,3550308,68,785,32
2021,3550308,27,1518,177
2021,3550308,41,127,49
2021,3550308,54,388,265
2021,3550308,63,1464,33
2021,3550308,34,1587,107
2021,3550308,40,50,416
2021,3550308,42,1090,207
2021,3550308,24,232,123
2021,3550308,86,1197,7
2021,3550308,27,1836,137
2021,3550308,78,839,45
2021,3550308,68,954,84
2021,3550308,21,578,41
2021,3550308,28,793,3
2021,3550308,37,160,23
2021,3550308,74,690,196
2021,3550308,72,1553,181
2021,3550308,45,1064,0
2021,3550308,77,1399,63
2021,3550308,71,117,130
2021,3550308,65,1617,6
2021,3550308,40,908,400
2021,3550308,40,186,59
2021,3550308,40,684,106
2021,3550308,16,853,137
2021,3550308,76,1226,160
2021,3550308,19,1164,64
2021,3550308,96,1145,51
2021,3550308,71,112,50
2021,3550308,61,1085,442
2021,3550308,21,698,76
2021,3550308,28,1116,80
2021,3550308,86,1725,238
2021,3550308,29,937,1
2021,3550308,15,472,134
2021,3550308,16,532,168
2021,3550308,82,1799,1810
2021,3550308,84,1191,2
2021,3550308,38,138,109
2021,3550308,74,,45
2021,3550308,29,889,82
2021,3550308,76,1543,99
2021,3550308,95,1806,169
2021,3550308,45,1357,0
2021,3550308,67,554,3
2021,3550308,83,946,0
2021,3550308,41,941,3
2021,3550308,16,589,101
2021,3550308,61,270,251
2021,3550308,95,1295,34
2021,3550308,46,1754,598
2021,3550308,68,885,2983
2021,3550308,11,453,228
2021,3550308,41,1062,128
2021,3550308,64,1429,42
2021,3550308,16,1686,4
2021,3550308,24,192,72
2021,3550308,22,814,41
2021,3550308,84,1730,15
2021,3550308,29,323,0
2021,3550308,73,48,68
2021,3550308,64,1467,130
2021,3550308,41,372,69
2021,3550308,58,936,323
2021,3550308,29,870,31
2021,3550308,,1144,10
2021,3550308,74,1019,549
2021,3550308,84,849,271
2021,3550308,21,1493,136
2021,3550308,49,3,0
2021,3550308,11,347,330
2021,3550308,55,1079,6
2021,3550308,34,1757,23
2021,3550308,41,521,112
2021,3550308,18,1160,137
2021,3550308,78,510,235
2021,3550308,27,1779,303
2021,3550308,16,1359,159
2021,3550308,87,1717,79
2021,3550308,75,354,158
2021,3550308,,1214,107
2021,3550308,18,322,24
2021,3550308,58,231,7
2021,3550308,71,413,10
2021,3550308,52,,63
2021,3550308,42,1459,110
2021,3550308,21,84,0
2021,3550308,22,1137,40
2021,3550308,16,660,27
2021,3550308,84,1837,10
2021,3550308,3,1593,228
2021,3550308,49,1621,14
2021,3550308,,1240,14
2021,3550308,40,1789,23
2021,3550308,63,199,68
2021,3550308,,771,282
2021,3550308,45,708,20
2021,3550308,,1459,0
2021,3550308,88,1442,82
2021,3550308,70,1051,124
2021,3550308,35,397,106
2021,3550308,37,63,47
2021,3550308,22,353,534
2021,3550308,74,1014,60
2021,3550308,16,1322,127
2021,3550308,34,740,11
2021,3550308,83,1476,2
2021,3550308,22,564,69
2021,3550308,77,37,120
2021,3550308,72,406,315
2021,3550308,71,868,235
2021,3550308,37,1442,8
2021,3550308,37,346,372
2021,3550308,84,1682,153
2021,3550308,22,1110,467
2021,3550308,36,1449,0
2021,3550308,49,799,0
2021,3550308,11,1584,39
2021,3550308,38,1732,190
2021,3550308,84,1317,10
2021,3550308,78,523,0
2021,3550308,67,829,0
2021,3550308,16,883,83
2021,3550308,21,206,306
2021,3550308,49,1350,65
2021,3550308,58,300,0
2021,3550308,45,1452,54
2021,3550308,78,1828,4
2021,3550308,84,,318
2021,3550308,28,1872,50
2021,3550308,29,369,71
2021,3550308,12,44,92
2021,3550308,22,547,4
2021,3550308,65,215,43
2021,3550308,14,,4826
2021,3550308,22,569,26
2021,3550308,18,290,543
2021,3550308,73,1636,8
2021,3550308,80,64,1509
2021,3550308,76,581,12
2021,3550308,54,1560,19
2021,3550308,8,5,87
2021,3550308,72,296,117
2021,3550308,15,1373,109
2021,3550308,82,1080,34
2021,3550308,73,1795,6
2021,3550308,41,110,222
2021,3550308,63,630,8
2021,3550308,34,339,39
2021,3550308,81,1745,1
2021,3550308,42,753,81
2021,3550308,3,1138,52
2021,3550308,41,603,20
2021,3550308,29,658,122
2021,3550308,65,366,23
2021,3550308,19,521,6
2021,3550308,76,560,33
2021,3550308,88,1671,276
2021,3550308,86,371,60
2021,3550308,81,247,248
2021,3550308,29,1165,158
2021,3550308,70,1783,13
2021,3550308,78,181,75
2021,3550308,73,1696,1
2021,3550308,18,317,44
2021,3550308,40,335,79
2021,3550308,83,262,33
2021,3550308,78,1870,122
2021,3550308,45,370,18
2021,3550308,95,1150,32
2021,3550308,64,1397,88
2021,3550308,24,1873,111
2021,3550308,77,1058,42
2021,3550308,,1079,1
2021,3550308,78,1599,17
2021,3550308,34,956,18
2021,3550308,42,70,126
2021,3550308,51,1513,69
2021,3550308,53,1076,126
2021,3550308,37,1676,115
2021,3550308,60,2,0
2021,3550308,81,519,66
2021,3550308,22,1788,16
2021,3550308,73,80,17
2021,3550308,57,939,160
2021,3550308,85,1753,32
2021,3550308,29,1659,89
2021,3550308,32,1214,0
2021,3550308,21,1435,2
2021,3550308,63,800,25
2021,3550308,88,1804,33
2021,3550308,18,395,92
2021,3550308,83,1303,16
2021,3550308,28,683,159
2021,3550308,34,470,16
2021,3550308,30,1749,23
2021,3550308,67,1337,198
2021,3550308,72,1150,20
2021,3550308,17,1381,0
2021,3550308,53,30,555
2021,3550308,16,1673,28
2021,3550308,78,863,0
2021,3550308,50,1292,1
2021,3550308,76,1734,293
2021,3550308,,1673,0
2021,3550308,29,990,32
2021,3550308,76,642,20
2021,3550308,45,314,27
2021,3550308,87,1443,0
2021,3550308,67,1815,61
2021,3550308,90,1236,21
2021,3550308,30,1474,19
2021,3550308,78,700,25
2021,3550308,16,1141,33
2021,3550308,16,623,207
2021,3550308,22,344,118
2021,3550308,29,1039,18
2021,3550308,44,550,0
2021,3550308,40,789,43
2021,3550308,,444,11
2021,3550308,,1562,22
2021,3550308,41,904,56
2021,3550308,74,733,72
2021,3550308,53,960,213
2021,3550308,74,1094,0
2021,3550308,22,1133,61
2021,3550308,3,118,1
2021,3550308,45,567,15
2021,3550308,,897,4
2021,3550308,35,739,1
2021,3550308,71,539,12
2021,3550308,65,644,37
2021,3550308,14,1489,95
2021,3550308,45,1081,24
2021,3550308,53,,1017
2021,3550308,82,921,9
2021,3550308,95,688,16
2021,3550308,26,1552,12
2021,3550308,29,1199,4
2021,3550308,65,332,1
2021,3550308,32,1462,1961
2021,3550308,55,276,21
2021,3550308,84,1425,28
2021,3550308,16,472,0
2021,3550308,26,1830,115
2021,3550308,87,985,6322
2021,3550308,2,1328,0
2021,3550308,82,1483,12
2021,3550308,4,414,15
2021,3550308,,1825,38
2021,3550308,,1843,159
2021,3550308,51,725,34
2021,3550308,38,586,49
2021,3550308,35,1849,3
2021,3550308,,740,0
2021,3550308,33,1264,0
2021,3550308,15,413,9
2021,3550308,30,901,53
2021,3550308,29,266,13
2021,3550308,16,1355,23
2021,3550308,16,805,58
2021,3550308,54,299,14
2021,3550308,,1086,222
2021,3550308,29,1560,0
2021,3550308,35,1274,51
2021,3550308,11,974,12
2021,3550308,34,1698,86
2021,3550308,16,307,0
2021,3550308,96,1753,25
2021,3550308,86,535,34
2021,3550308,61,1565,1
2021,3550308,71,1860,0
2021,3550308,83,1673,2
2021,3550308,22,1255,1
2021,3550308,39,909,27
2021,3550308,18,535,1
2021,3550308,83,1526,25
2021,3550308,30,1379,27
2021,3550308,71,139,0
2021,3550308,63,1867,1
2021,3550308,29,945,9
2021,3550308,14,1046,1
2021,3550308,27,1412,115
2021,3550308,,102,3
2021,3550308,36,321,0
2021,3550308,5,760,2
2021,3550308,86,427,0
2021,3550308,45,921,223
2021,3550308,74,624,78
2021,3550308,75,272,2
2021,3550308,74,627,1
2021,3550308,88,862,55
2021,3550308,61,1407,5
2021,3550308,81,595,3
2021,3550308,78,892,68
2021,3550308,67,994,17
2021,3550308,96,622,82
2021,3550308,61,670,1
2021,3550308,43,1150,4
2021,3550308,,956,1
2021,3550308,74,1254,12
2021,3550308,17,900,9
2021,3550308,50,210,57
2021,3550308,41,680,82
2021,3550308,78,309,5
2021,3550308,55,677,17
2021,3550308,59,92,3
2021,3550308,54,1778,465
2021,3550308,4,1349,159
2021,3550308,93,1316,2048
2021,3550308,55,1305,61
2021,3550308,,1623,118
2021,3550308,83,868,41
2021,3550308,74,602,78
2021,3550308,,1085,52
2021,3550308,3,,318
2021,3550308,55,894,158
2021,3550308,,1377,0
2021,3550308,87,1048,0
2021,3550308,50,362,29
2021,3550308,5,,0
2021,3550308,19,1372,0
2021,3550308,18,1369,16
2021,3550308,55,832,0
2021,3550308,48,176,0
2021,3550308,59,1538,0
2021,3550308,17,1184,9
2021,3550308,81,585,0
2021,3550308,76,1698,0
2021,3550308,,1850,0
2021,3550308,48,274,0
2021,3550308,87,30,0
2021,3550308,76,1455,6
2021,3550308,89,251,0
2021,3550308,34,221,0
2021,3550308,53,268,9
2021,3550308,74,421,66
2021,3550308,81,1495,0
2021,3550308,,60,3
2021,3550308,37,254,0
2021,3550308,21,1727,0
2021,3550308,65,1246,57
2021,3550308,18,1123,14
2021,3550308,,560,1
2021,3550308,76,1183,103
2021,3550308,83,239,3
2021,3550308,83,1409,0
2021,3550308,41,1034,75
2021,3550308,,901,3
2021,3550308,58,1204,0
2021,3550308,29,904,1
2021,3550308,55,1012,8
2021,3550308,45,1001,14
2021,3550308,67,502,541
2021,3550308,,334,4
2021,3550308,3,8,5
2021,3550308,75,866,7
2021,3550308,22,1777,397
2021,3550308,,1678,50
2021,3550308,77,1670,0
2021,3550308,,1182,0
2021,3550308,,808,4
2021,3550308,,1528,0
2021,3550308,74,1319,0
2021,3550308,54,22,2
2021,3550308,27,92,1
2021,3550308,59,234,9
2021,3550308,18,633,6
2021,3550308,,358,2
2021,3550308,65,609,0
2021,3550308,46,1375,4
2021,3550308,64,1824,0
2021,3550308,,1044,1
2021,3550308,,591,5
2021,3550308,88,1810,5
2021,3550308,,525,1
2021,3550308,,1012,2
2021,3550308,40,1689,15
2021,3550308,,221,0
2021,3550308,15,1223,36
2021,3550308,18,1032,4
2021,3550308,64,1239,0
2021,3550308,33,1111,0
2021,3550308,84,939,18
2021,3550308,67,653,2
2021,3550308,64,1184,2
2021,3550308,81,984,0
2021,3550308,61,1763,0
2021,3550308,,490,0
2021,3550308,,329,0
2021,3550308,1,514,10
2021,3550308,29,456,0
2021,3550308,,193,0
2021,3550308,41,1103,1
2021,3550308,,1305,0
2021,3550308,64,1714,0
2021,3550308,,695,0
2021,3550308,,245,0
2021,3550308,34,818,0
2021,3550308,73,1646,0
2021,3550308,37,595,0
2021,3550308,6,1042,2
2021,3550308,59,408,3
2021,3550308,18,877,10
2021,3550308,,1820,14
2021,3550308,41,966,0
2021,3550308,22,1458,0
2021,3550308,,1747,0
2021,3550308,96,1060,0
2021,3550308,21,1459,0
2021,3550308,41,1230,2
2021,3550308,90,1070,0
2021,3550308,,868,0
2021,3550308,,705,0
2021,3550308,13,176,1
2021,3550308,28,1669,2
2021,3550308,30,444,0
2021,3550308,,672,0
2021,3550308,,1359,0
2021,3550308,,1146,0
2021,3550308,,1713,0
2021,3550308,,1332,1
2021,3550308,,239,1
2021,3550308,14,1644,9
2021,3550308,72,,69604
2021,3550308,43,,9269
2021,3550308,91,1567,1629
2021,3550308,55,1096,21
2021,3550308,82,1318,4475
2021,3550308,58,446,140
2021,3550308,79,1830,3862
2021,3550308,30,1471,183
2021,3550308,56,93,6891
2021,3550308,4,1697,3289
2021,3550308,53,1059,2592
2021,3550308,25,1071,37152
2021,3550308,43,292,16110
2021,3550308,15,638,163
2021,3550308,90,295,3039
2021,3550308,95,1241,1943
2021,3550308,84,1647,1762
2021,3550308,90,34,36
2021,3550308,39,1311,343
2021,3550308,72,1210,7128
2021,3550308,64,793,183
2021,3550308,68,1664,783
2021,3550308,56,34,2957
2021,3550308,59,1825,1034
2021,3550308,82,1057,1788
2021,3550308,79,1462,5087
2021,3550308,75,78,4423
2021,3550308,46,1042,11000
2021,3550308,52,1059,32161
2021,3550308,34,759,1615
2021,3550308,13,90,22460
2021,3550308,37,1467,2957
2021,3550308,32,1482,3780
2021,3550308,36,1458,194
2021,3550308,68,1423,400
2021,3550308,59,1514,1732
2021,3550308,20,88,7211
2021,3550308,31,232,539
2021,3550308,38,1105,9277
2021,3550308,72,1593,568
2021,3550308,22,951,557
2021,3550308,71,1326,7970
2021,3550308,32,1439,1791
2021,3550308,90,590,3717
2021,3550308,21,1632,1072
2021,3550308,20,86,1951
2021,3550308,20,437,3575
2021,3550308,15,1583,963
2021,3550308,42,1595,1764
2021,3550308,78,415,68
2021,3550308,37,251,1576
2021,3550308,37,1441,1826
2021,3550308,96,224,2016
2021,3550308,32,1169,836
2021,3550308,68,,3692
2021,3550308,51,1043,1742
2021,3550308,21,1791,1660
2021,3550308,64,1766,299
2021,3550308,36,763,5841
2021,3550308,28,1344,1577
2021,3550308,68,651,1019
2021,3550308,68,1143,968
2021,3550308,68,1271,2350
2021,3550308,64,38,1212
2021,3550308,69,1266,8556
2021,3550308,75,1372,5806
2021,3550308,65,1152,1610
2021,3550308,1,1240,5699
2021,3550308,20,858,48
2021,3550308,63,1042,9803
2021,3550308,40,976,202
2021,3550308,37,1679,284
2021,3550308,95,1759,4627
2021,3550308,75,723,707
2021,3550308,59,265,834
2021,3550308,81,1318,2187
2021,3550308,15,777,126
2021,3550308,21,88,5744
2021,3550308,89,1609,31349
2021,3550308,3,348,294
2021,3550308,73,1295,191
2021,3550308,60,1748,15406
2021,3550308,5,1100,1042
2021,3550308,33,,17219
2021,3550308,2,11,445
2021,3550308,82,1535,12088
2021,3550308,12,39,36980
2021,3550308,43,47,42737
2021,3550308,77,830,2755
2021,3550308,25,238,5938
2021,3550308,51,1069,4810
2021,3550308,14,203,14375
2021,3550308,29,548,168
2021,3550308,21,645,180
2021,3550308,40,,731
2021,3550308,32,246,18038
2021,3550308,29,1214,58
2021,3550308,37,,5304
2021,3550308,15,1537,1577
2021,3550308,26,37,2937
2021,3550308,28,1416,160
2021,3550308,11,1009,533
2021,3550308,12,256,2094
2021,3550308,20,1395,2101
2021,3550308,73,1150,48
2021,3550308,70,921,5408
2021,3550308,21,821,3745
2021,3550308,66,1257,42604
2021,3550308,36,254,6727
2021,3550308,93,1372,14287
2021,3550308,96,714,1249
2021,3550308,14,1345,2702
2021,3550308,41,302,203
2021,3550308,96,1667,624
2021,3550308,16,649,269
2021,3550308,88,948,219
2021,3550308,51,1859,2793
2021,3550308,47,90,1044
2021,3550308,96,776,642
2021,3550308,46,1045,41278
2021,3550308,96,1021,1121
2021,3550308,34,365,1122
2021,3550308,83,1119,195
2021,3550308,76,1274,4113
2021,3550308,17,436,1179
2021,3550308,49,1167,2252
2021,3550308,89,1765,6344
2021,3550308,54,245,912
2021,3550308,16,758,264
2021,3550308,35,1716,836
2021,3550308,92,1800,1093
2021,3550308,84,1080,2676
2021,3550308,91,74,315
2021,3550308,39,1135,1944
2021,3550308,31,855,557
2021,3550308,1,64,331
2021,3550308,72,1878,286
2021,3550308,44,1183,1569
2021,3550308,1,1316,578
2021,3550308,64,416,386
2021,3550308,69,21,1231
2021,3550308,87,1712,760
2021,3550308,32,1677,3350
2021,3550308,48,1492,1518
2021,3550308,82,,1766
2021,3550308,12,1741,611
2021,3550308,76,1390,687
2021,3550308,61,1736,1808
2021,3550308,2,1569,1071
2021,3550308,66,99,21064
2021,3550308,79,115,792
2021,3550308,92,507,295
2021,3550308,31,80,443
2021,3550308,68,1281,2430
2021,3550308,63,1721,858
2021,3550308,50,84,297
2021,3550308,40,1049,652
2021,3550308,15,1472,1712
2021,3550308,14,1264,2860
2021,3550308,55,1250,178
2021,3550308,21,1597,1240
2021,3550308,75,1276,3166
2021,3550308,63,1090,493
2021,3550308,7,201,12085
2021,3550308,1,1610,226
2021,3550308,16,565,603
2021,3550308,74,1631,2159
2021,3550308,21,765,182
2021,3550308,78,1218,825
2021,3550308,28,1301,1151
2021,3550308,38,1797,712
2021,3550308,62,1310,2279
2021,3550308,62,789,16927
2021,3550308,65,473,2328
2021,3550308,22,448,306
2021,3550308,45,232,1617
2021,3550308,36,1508,1412
2021,3550308,22,1126,739
2021,3550308,24,63,376
2021,3550308,14,254,141
2021,3550308,15,1507,721
2021,3550308,78,462,204
2021,3550308,12,,816
2021,3550308,,142,12
2021,3550308,46,1286,119
2021,3550308,42,318,103
2021,3550308,73,1463,85
2021,3550308,90,1009,120
2021,3550308,78,222,409
2021,3550308,90,,7571
2021,3550308,18,869,645
2021,3550308,16,1152,209
2021,3550308,6,1453,235
2021,3550308,22,1009,101
2021,3550308,59,1803,43
2021,3550308,27,337,1144
2021,3550308,5,1705,1991
2021,3550308,74,1264,1071
2021,3550308,69,,2813
2021,3550308,16,1754,1938
2021,3550308,96,404,1098
2021,3550308,14,1069,265
2021,3550308,45,292,922
2021,3550308,35,36,9184
2021,3550308,28,2,2076
2021,3550308,74,1712,392
2021,3550308,66,53,271
2021,3550308,63,1371,893
2021,3550308,68,1019,924
2021,3550308,70,1280,1525
2021,3550308,64,1801,438
2021,3550308,15,418,896
2021,3550308,60,1310,730
2021,3550308,25,22,9034
2021,3550308,70,1043,564
2021,3550308,8,12,194
2021,3550308,22,852,407
2021,3550308,22,1004,4368
2021,3550308,20,872,2627
2021,3550308,73,1724,307
2021,3550308,35,1469,742
2021,3550308,44,1587,42
2021,3550308,22,263,367
2021,3550308,55,1249,37
2021,3550308,14,1154,3524
2021,3550308,87,1181,4443
2021,3550308,55,889,43
2021,3550308,84,1483,894
2021,3550308,63,1459,660
2021,3550308,,592,216
2021,3550308,94,600,1081
2021,3550308,6,1071,3101
2021,3550308,14,346,2496
2021,3550308,95,,1215
2021,3550308,14,1466,2356
2021,3550308,53,626,18190
2021,3550308,88,,741
2021,3550308,45,47,7163
2021,3550308,28,,688
2021,3550308,26,432,1044
2021,3550308,28,1738,98
2021,3550308,20,1515,1095
2021,3550308,81,,1102
2021,3550308,63,1394,289
2021,3550308,57,63,447
2021,3550308,92,47,3170
2021,3550308,74,932,560
2021,3550308,82,1877,472
2021,3550308,85,1283,853
2021,3550308,67,473,269
2021,3550308,83,1566,194
2021,3550308,23,220,126
2021,3550308,33,268,785
2021,3550308,17,1123,425
2021,3550308,26,1412,486
2021,3550308,22,1242,908
2021,3550308,29,1727,288
2021,3550308,22,552,1110
2021,3550308,85,1193,73
2021,3550308,20,105,521
2021,3550308,2,31,364
2021,3550308,63,1404,263
2021,3550308,22,616,57
2021,3550308,48,11,1064
2021,3550308,15,1363,209
2021,3550308,38,1552,718
2021,3550308,19,1430,718
2021,3550308,39,1127,1280
2021,3550308,94,602,479
2021,3550308,63,115,600
2021,3550308,11,435,415
2021,3550308,,69,59
2021,3550308,21,1571,266
2021,3550308,63,357,1471
2021,3550308,45,1714,14
2021,3550308,65,342,266
2021,3550308,50,1300,317
2021,3550308,27,695,990
2021,3550308,54,1350,219
2021,3550308,74,347,212
2021,3550308,,549,59
2021,3550308,18,504,601
2021,3550308,49,1720,96
2021,3550308,19,1316,121
2021,3550308,22,405,348
2021,3550308,68,786,166
2021,3550308,78,1857,452
2021,3550308,29,1410,543
2021,3550308,81,1682,406
2021,3550308,58,25,4428
2021,3550308,49,90,521
2021,3550308,67,1190,393
2021,3550308,45,703,38
2021,3550308,22,297,231
2021,3550308,84,1816,362
2021,3550308,71,425,1130
2021,3550308,53,59,2118
2021,3550308,15,298,617
2021,3550308,63,1742,465
2021,3550308,77,866,620
2021,3550308,91,1608,583
2021,3550308,78,,240
2021,3550308,29,841,2311
2021,3550308,35,150,58
2021,3550308,24,158,135
2021,3550308,76,72,450
2021,3550308,74,484,123
2021,3550308,96,1278,1000
2021,3550308,58,,269
2021,3550308,16,1278,1
2021,3550308,22,493,520
2021,3550308,29,899,135
2021,3550308,88,1048,971
2021,3550308,5,401,205
2021,3550308,67,1809,29
2021,3550308,78,1506,353
2021,3550308,29,1144,348
2021,3550308,93,686,1277
2021,3550308,77,1830,541
2021,3550308,86,824,23
2021,3550308,29,106,86
2021,3550308,41,1808,302
2021,3550308,78,1751,83
2021,3550308,72,1506,489
2021,3550308,,211,17
2021,3550308,83,1010,168
2021,3550308,16,1472,38
2021,3550308,65,831,488
2021,3550308,26,1518,1308
2021,3550308,34,69,875
2021,3550308,83,517,155
2021,3550308,35,1146,508
2021,3550308,86,1129,122
2021,3550308,18,278,3
2021,3550308,75,904,101
2021,3550308,73,1625,90
2021,3550308,87,54,52
2021,3550308,36,569,41
2021,3550308,31,409,315
2021,3550308,24,172,75
2021,3550308,86,701,27
2021,3550308,68,879,511
2021,3550308,5,1,292
2021,3550308,88,875,82
2021,3550308,17,1613,324
2021,3550308,59,1547,455
2021,3550308,63,1496,0
2021,3550308,49,1827,114
2021,3550308,45,927,25
2021,3550308,48,1752,293
2021,3550308,35,1825,576
2021,3550308,35,1409,67
2021,3550308,63,489,266
2021,3550308,67,1856,121
2021,3550308,94,,2745
2021,3550308,49,1056,203
2021,3550308,79,1710,25
2021,3550308,11,1114,125
2021,3550308,5,259,126
2021,3550308,96,288,140
2021,3550308,29,457,265
2021,3550308,68,1702,334
2021,3550308,23,305,224
2021,3550308,78,6,269
2021,3550308,14,1059,77
2021,3550308,86,935,280
2021,3550308,46,14,211
2021,3550308,41,911,88
2021,3550308,34,1482,1370
2021,3550308,29,670,678
2021,3550308,18,1523,172
2021,3550308,89,1176,63
2021,3550308,34,482,15
2021,3550308,18,1184,23
2021,3550308,73,892,25
2021,3550308,76,1283,509
2021,3550308,76,1785,713
2021,3550308,16,419,126
2021,3550308,16,1107,268
2021,3550308,73,1354,25
2021,3550308,76,175,13
2021,3550308,24,936,296
2021,3550308,30,961,331
2021,3550308,54,1743,51
2021,3550308,29,873,413
2021,3550308,3,1261,20
2021,3550308,68,1817,100
2021,3550308,76,613,219
2021,3550308,83,237,115
2021,3550308,63,1252,11
2021,3550308,6,437,25
2021,3550308,,184,2
2021,3550308,86,849,521
2021,3550308,58,1550,11
2021,3550308,72,42,71
2021,3550308,78,267,72
2021,3550308,81,1317,289
2021,3550308,22,816,380
2021,3550308,4,718,353
2021,3550308,68,1284,271
2021,3550308,,92,63
2021,3550308,17,793,78
2021,3550308,16,1260,4
2021,3550308,68,1651,1153
2021,3550308,64,259,26
2021,3550308,73,986,0
2021,3550308,41,258,0
2021,3550308,74,279,48
2021,3550308,77,1027,284
2021,3550308,11,1855,128
2021,3550308,83,587,21
2021,3550308,16,468,92
2021,3550308,18,76,440
2021,3550308,73,1302,71
2021,3550308,34,996,224
2021,3550308,45,939,65
2021,3550308,21,393,121
2021,3550308,50,217,89
2021,3550308,96,612,230
2021,3550308,17,1369,132
2021,3550308,75,973,175
2021,3550308,48,362,163
2021,3550308,78,1046,125
2021,3550308,28,1769,21
2021,3550308,37,226,0
2021,3550308,84,255,3
2021,3550308,55,514,34
2021,3550308,,1092,67
2021,3550308,74,452,41
2021,3550308,79,1226,5
2021,3550308,18,168,6
2021,3550308,77,1012,480
2021,3550308,,937,42
2021,3550308,23,682,114
2021,3550308,45,,37
2021,3550308,45,1614,50
2021,3550308,61,1428,43
2021,3550308,32,69,32
2021,3550308,18,463,124
2021,3550308,29,933,5
2021,3550308,74,741,12
2021,3550308,35,1757,4
2021,3550308,21,1661,152
2021,3550308,18,947,97
2021,3550308,34,592,107
2021,3550308,41,734,138
2021,3550308,58,1265,24
2021,3550308,34,663,21
2021,3550308,64,1421,137
2021,3550308,12,185,293
2021,3550308,28,1447,219
2021,3550308,13,430,263
2021,3550308,21,955,1
2021,3550308,85,1858,4
2021,3550308,16,929,31
2021,3550308,1,5,2843
2021,3550308,5,166,290
2021,3550308,70,1483,13
2021,3550308,92,,113
2021,3550308,31,,39
2021,3550308,46,1244,200
2021,3550308,18,779,27
2021,3550308,18,208,141
2021,3550308,56,,213
2021,3550308,34,275,237
2021,3550308,41,1012,93
2021,3550308,41,443,69
2021,3550308,28,1620,3
2021,3550308,72,1636,92
2021,3550308,48,1826,6
2021,3550308,73,1655,44
2021,3550308,,1736,94
2021,3550308,22,341,0
2021,3550308,16,1529,318
2021,3550308,,1222,68
2021,3550308,33,855,7
2021,3550308,55,28,13
2021,3550308,74,657,10
2021,3550308,63,1727,144
2021,3550308,29,1294,51
2021,3550308,45,849,35
2021,3550308,28,1751,87
2021,3550308,67,881,19
2021,3550308,68,386,72
2021,3550308,65,712,112
2021,3550308,84,1151,3
2021,3550308,94,1467,45
2021,3550308,55,1786,19
2021,3550308,63,1750,77
2021,3550308,22,420,200
2021,3550308,,95,23
2021,3550308,86,857,31
2021,3550308,21,1395,92
2021,3550308,,199,56
2021,3550308,21,586,90
2021,3550308,85,1278,2
2021,3550308,86,1393,45
2021,3550308,94,1076,138
2021,3550308,29,1384,0
2021,3550308,12,1544,235
2021,3550308,11,989,157
2021,3550308,87,1365,16
2021,3550308,4,802,36
2021,3550308,49,109,367
2021,3550308,96,1573,238
2021,3550308,91,1618,0
2021,3550308,16,1193,305
2021,3550308,22,939,11
2021,3550308,82,1467,0
2021,3550308,71,865,736
2021,3550308,29,107,89
2021,3550308,20,620,148
2021,3550308,78,34,54
2021,3550308,38,51,1
2021,3550308,88,733,29
2021,3550308,83,991,2
2021,3550308,74,987,204
2021,3550308,11,466,463
2021,3550308,16,1507,495
2021,3550308,11,378,257
2021,3550308,51,1638,2250
2021,3550308,85,495,172
2021,3550308,30,369,56
2021,3550308,16,205,244
2021,3550308,67,388,66
2021,3550308,67,441,1
2021,3550308,96,1018,443
2021,3550308,76,1477,79
2021,3550308,22,197,67
2021,3550308,,637,0
2021,3550308,73,1588,692
2021,3550308,67,1672,23
2021,3550308,77,115,150
2021,3550308,34,1511,5
2021,3550308,,966,175
2021,3550308,45,1873,632
2021,3550308,22,871,9
2021,3550308,73,1347,18
2021,3550308,41,500,93
2021,3550308,22,927,3
2021,3550308,29,964,43
2021,3550308,18,1739,129
2021,3550308,,934,0
2021,3550308,83,33,68
2021,3550308,54,795,48
2021,3550308,22,1762,68
2021,3550308,11,384,21
2021,3550308,78,1684,0
2021,3550308,26,1279,21
2021,3550308,57,1456,7
2021,3550308,27,1331,31
2021,3550308,72,267,3
2021,3550308,,904,16
2021,3550308,65,288,12
2021,3550308,46,1328,155
2021,3550308,22,606,22
2021,3550308,87,1442,0
2021,3550308,30,1802,21
2021,3550308,,342,13
2021,3550308,30,1845,0
2021,3550308,19,1528,6
2021,3550308,92,600,3
2021,3550308,76,333,5
2021,3550308,91,1485,108
2021,3550308,21,1061,1
2021,3550308,73,984,119
2021,3550308,70,1645,0
2021,3550308,29,1757,11
2021,3550308,55,620,23
2021,3550308,,562,6
2021,3550308,92,1467,20
2021,3550308,,1594,5
2021,3550308,86,,26
2021,3550308,58,511,0
2021,3550308,22,,1844
2021,3550308,22,1104,13
2021,3550308,74,487,6
2021,3550308,41,998,95
2021,3550308,46,1400,238
2021,3550308,22,833,1
2021,3550308,63,145,0
2021,3550308,35,901,3
2021,3550308,40,1593,12
2021,3550308,28,1351,2
2021,3550308,46,373,39
2021,3550308,75,175,3
2021,3550308,73,1454,4
2021,3550308,73,1440,41
2021,3550308,20,906,0
2021,3550308,76,1505,0
2021,3550308,16,1389,0
2021,3550308,79,1552,76
2021,3550308,21,608,4
2021,3550308,88,1841,9
2021,3550308,30,889,58
2021,3550308,78,577,0
2021,3550308,84,371,7
2021,3550308,86,377,0
2021,3550308,93,319,124
2021,3550308,73,461,0
2021,3550308,41,1487,34
2021,3550308,30,1793,475
2021,3550308,87,406,19
2021,3550308,81,1532,88
2021,3550308,60,1781,13
2021,3550308,68,207,0
2021,3550308,78,1349,18
2021,3550308,34,641,0
2021,3550308,23,1372,120
2021,3550308,,369,0
2021,3550308,16,1778,4
2021,3550308,11,,156
2021,3550308,41,1807,3
2021,3550308,33,725,4
2021,3550308,78,1334,1
2021,3550308,4,155,58
2021,3550308,22,676,3
2021,3550308,77,1462,145
2021,3550308,15,1719,2
2021,3550308,23,686,27
2021,3550308,36,1345,94
2021,3550308,28,1839,43
2021,3550308,46,17,2
2021,3550308,18,508,5
2021,3550308,82,1767,20
2021,3550308,35,1602,0
2021,3550308,55,1227,20
2021,3550308,88,474,0
2021,3550308,8,1624,113
2021,3550308,22,555,44
2021,3550308,,1196,2
2021,3550308,16,777,9
2021,3550308,15,369,49
2021,3550308,18,320,6
2021,3550308,72,1403,3
2021,3550308,83,486,0
2021,3550308,34,1600,18
2021,3550308,22,1109,13
2021,3550308,,1778,42
2021,3550308,41,1161,11
2021,3550308,86,1767,14
2021,3550308,43,1005,2
2021,3550308,54,522,2
2021,3550308,55,1142,0
2021,3550308,35,269,2
2021,3550308,78,289,3
2021,3550308,54,176,31
2021,3550308,20,1056,3
2021,3550308,58,398,1
2021,3550308,59,1316,26
2021,3550308,90,182,19
2021,3550308,37,1318,1
2021,3550308,50,1459,1
2021,3550308,55,1297,27
2021,3550308,31,531,53
2021,3550308,,1559,426
2021,3550308,15,284,2
2021,3550308,72,1684,16
2021,3550308,,961,11
2021,3550308,4,665,19
2021,3550308,18,313,1432
2021,3550308,53,242,31
2021,3550308,59,1350,21
2021,3550308,,1606,0
2021,3550308,30,1875,41
2021,3550308,78,1386,23
2021,3550308,40,118,9
2021,3550308,34,434,1
2021,3550308,87,1645,0
2021,3550308,16,1352,0
2021,3550308,18,104,14
2021,3550308,58,1277,23
2021,3550308,41,524,1
2021,3550308,79,895,3
2021,3550308,29,1174,3
2021,3550308,24,921,0
2021,3550308,,613,0
2021,3550308,37,755,30
2021,3550308,36,1154,5
2021,3550308,94,590,0
2021,3550308,,183,8
2021,3550308,43,76,18
2021,3550308,53,1258,1
2021,3550308,55,287,3
2021,3550308,67,1342,1
2021,3550308,,1785,0
2021,3550308,92,1489,0
2021,3550308,45,241,0
2021,3550308,94,742,0
2021,3550308,36,371,1
2021,3550308,86,1837,0
2021,3550308,43,1115,1
2021,3550308,41,836,2
2021,3550308,19,1226,4
2021,3550308,55,342,1
2021,3550308,75,271,2
2021,3550308,55,1230,107
2021,3550308,,1412,4
2021,3550308,74,893,7
2021,3550308,9,1147,143
2021,3550308,21,288,18
2021,3550308,61,1793,3
2021,3550308,84,1280,0
2021,3550308,,408,0
2021,3550308,18,,0
2021,3550308,55,110,6
2021,3550308,,234,0
2021,3550308,18,900,0
2021,3550308,74,1654,3
2021,3550308,53,1195,0
2021,3550308,,18,4
2021,3550308,73,856,0
2021,3550308,29,1641,6
2021,3550308,83,422,0
2021,3550308,22,943,0
2021,3550308,49,896,0
2021,3550308,28,1728,3
2021,3550308,,1836,0
2021,3550308,58,387,0
2021,3550308,21,1778,95
2021,3550308,,550,0
2021,3550308,41,1480,0
2021,3550308,29,114,8
2021,3550308,17,1457,1
2021,3550308,21,549,6
2021,3550308,83,1311,9
2021,3550308,94,1343,2
2021,3550308,47,22,3
2021,3550308,34,1460,7
2021,3550308,28,1874,0
2021,3550308,87,1755,0
2021,3550308,,120,0
2021,3550308,42,913,0
2021,3550308,55,1097,0
2021,3550308,75,870,0
2021,3550308,18,574,0
2021,3550308,65,1405,0
2021,3550308,,1557,0
2021,3550308,54,89,0
2021,3550308,48,1168,0
2021,3550308,83,331,0
2021,3550308,,1333,0
2021,3550308,,584,0
2021,3550308,29,834,1
2021,3550308,91,1282,1
2021,3550308,39,1809,45
2021,3550308,16,1688,17
2021,3550308,83,854,0
2021,3550308,34,1833,1
2021,3550308,73,1789,0
2021,3550308,55,210,0
2021,3550308,,575,0
2021,3550308,,495,0
2021,3550308,29,1371,0
2021,3550308,41,808,0
2021,3550308,22,1814,0
2021,3550308,,210,0
2021,3550308,,209,0
2021,3550308,83,205,1
2021,3550308,,1537,1
2021,3550308,73,1768,11
2021,3550308,57,1140,0
2021,3550308,18,1017,0
2021,3550308,80,22,0
2021,3550308,44,709,0
2021,3550308,56,1051,0
2021,3550308,71,128,0
2021,3550308,,1554,0
2021,3550308,,1193,0
2021,3550308,34,748,1
2021,3550308,74,1744,8
2021,3550308,55,69,20
2021,3550308,,1475,0
2021,3550308,71,821,0
2021,3550308,,1390,0
2021,3550308,16,1434,0
2021,3550308,,1290,4
2021,3550308,,1732,1
2021,3550308,36,1151,0
2021,3550308,,859,0
2021,3550308,72,1649,3
2021,3550308,62,1086,66990
2021,3550308,33,1677,54224
2021,3550308,33,240,78375
2021,3550308,65,903,741
2021,3550308,44,200,16646
2021,3550308,33,68,47606
2021,3550308,81,1308,11928
2021,3550308,15,410,492
2021,3550308,41,1605,1181
2021,3550308,12,1575,765
2021,3550308,3,1105,541
2021,3550308,75,46,708
2021,3550308,15,254,1605
2021,3550308,38,1593,9315
2021,3550308,19,134,7398
2021,3550308,48,1781,879
2021,3550308,26,201,7353
2021,3550308,16,1195,412
2021,3550308,59,1068,10128
2021,3550308,40,1073,557
2021,3550308,28,1560,110
2021,3550308,32,1059,1518
2021,3550308,1,1767,10788
2021,3550308,90,1637,16640
2021,3550308,77,1221,1427
2021,3550308,73,1574,2369
2021,3550308,35,,257
2021,3550308,70,1282,52633
2021,3550308,8,97,605
2021,3550308,19,1443,8845
2021,3550308,51,788,839
2021,3550308,35,251,7497
2021,3550308,37,1135,808
2021,3550308,72,592,4974
2021,3550308,6,1147,25628
2021,3550308,9999,,1342
2021,3550308,88,367,236
2021,3550308,81,1842,6505
2021,3550308,89,1618,973
2021,3550308,15,91,699
2021,3550308,1,1578,1637
2021,3550308,15,1264,332
2021,3550308,23,63,2015
2021,3550308,54,879,190
2021,3550308,71,1264,54347
2021,3550308,66,,8463
2021,3550308,81,82,2545
2021,3550308,87,102,1487
2021,3550308,37,138,315
2021,3550308,11,1708,210
2021,3550308,19,1681,1666
2021,3550308,21,41,299
2021,3550308,87,1528,8070
2021,3550308,78,1390,851
2021,3550308,35,1441,986
2021,3550308,16,1001,213
2021,3550308,27,1664,3379
2021,3550308,13,1059,3991
2021,3550308,68,1518,1486
2021,3550308,73,1185,34
2021,3550308,58,859,80
2021,3550308,63,1087,876
2021,3550308,32,1806,990
2021,3550308,68,1612,1933
2021,3550308,23,936,506
2021,3550308,38,1774,594
2021,3550308,74,909,14807
2021,3550308,26,1383,440
2021,3550308,36,1657,220
2021,3550308,41,256,2924
2021,3550308,64,1379,448
2021,3550308,94,1557,856
2021,3550308,75,878,147
2021,3550308,22,1733,2652
2021,3550308,75,461,197
2021,3550308,35,1854,453
2021,3550308,71,1801,1716
2021,3550308,22,607,144
2021,3550308,88,1120,942
2021,3550308,80,1285,25856
2021,3550308,60,1328,788
2021,3550308,62,788,7134
2021,3550308,36,1552,12549
2021,3550308,21,903,323
2021,3550308,79,1284,5334
2021,3550308,4,304,3606
2021,3550308,82,1665,375
2021,3550308,91,,14705
2021,3550308,63,,30541
2021,3550308,13,1674,2229
2021,3550308,67,1801,86
2021,3550308,77,,1939
2021,3550308,53,1756,10402
2021,3550308,12,776,1482
2021,3550308,79,,419011
2021,3550308,15,675,2368
2021,3550308,41,1115,299
2021,3550308,46,,16739
2021,3550308,86,1475,1587
2021,3550308,91,1585,377
2021,3550308,27,1728,1075
2021,3550308,14,36,4476
2021,3550308,34,1151,779
2021,3550308,96,360,2026
2021,3550308,19,1805,355
2021,3550308,83,1289,69
2021,3550308,58,216,621
2021,3550308,30,1640,99
2021,3550308,70,3,2972
2021,3550308,60,1083,15719
2021,3550308,26,1798,1043
2021,3550308,49,1043,6776
2021,3550308,41,999,43
2021,3550308,96,975,810
2021,3550308,62,1626,5558
2021,3550308,74,1400,5475
2021,3550308,36,1758,1505
2021,3550308,46,2,11370
2021,3550308,29,1622,453
2021,3550308,6,19,13522
2021,3550308,90,1518,548
2021,3550308,76,310,105
2021,3550308,54,,1952
2021,3550308,72,1792,107
2021,3550308,1,1759,185
2021,3550308,50,1047,3219
2021,3550308,16,1003,1096
2021,3550308,80,97,1922
2021,3550308,23,1209,1098
2021,3550308,27,,22997
2021,3550308,89,1045,336
2021,3550308,21,509,764
2021,3550308,95,1737,3065
2021,3550308,17,1803,131
2021,3550308,10,1059,979
2021,3550308,88,774,651
2021,3550308,25,201,12412
2021,3550308,66,1268,24151
2021,3550308,95,1169,2469
2021,3550308,92,1557,1085
2021,3550308,21,569,220
2021,3550308,58,1095,52
2021,3550308,19,1535,1251
2021,3550308,54,1387,292
2021,3550308,93,1853,3943
2021,3550308,53,1060,2565
2021,3550308,89,17,1580
2021,3550308,39,1007,2585
2021,3550308,40,958,80
2021,3550308,34,1204,77
2021,3550308,11,1586,128
2021,3550308,29,1125,687
2021,3550308,,1116,418
2021,3550308,13,794,263
2021,3550308,86,95,1850
2021,3550308,61,1628,590
2021,3550308,43,22,722
2021,3550308,33,973,2038
2021,3550308,39,255,397
2021,3550308,23,347,2278
2021,3550308,27,1284,1371
2021,3550308,27,1651,338
2021,3550308,16,675,257
2021,3550308,67,77,1000
2021,3550308,84,1353,217
2021,3550308,74,1353,551
2021,3550308,87,1592,1997
2021,3550308,11,518,1359
2021,3550308,19,,732
2021,3550308,63,1874,787
2021,3550308,85,1170,463
2021,3550308,85,1766,532
2021,3550308,86,1554,219
2021,3550308,4,1430,1594
2021,3550308,77,1284,2055
2021,3550308,41,924,166
2021,3550308,65,640,415
2021,3550308,34,1816,2113
2021,3550308,74,997,42
2021,3550308,59,,423
2021,3550308,61,1572,188
2021,3550308,67,1415,1579
2021,3550308,70,245,729
2021,3550308,76,949,50
2021,3550308,73,1012,178
2021,3550308,51,1462,1580
2021,3550308,43,492,250
2021,3550308,31,437,374
2021,3550308,29,716,464
2021,3550308,75,863,346
2021,3550308,86,562,251
2021,3550308,48,509,698
2021,3550308,81,1119,2657
2021,3550308,28,712,162
2021,3550308,31,171,239
2021,3550308,19,985,27
2021,3550308,53,522,356
2021,3550308,7,788,2331
2021,3550308,74,1673,173
2021,3550308,93,1347,106
2021,3550308,40,1180,491
2021,3550308,18,673,162
2021,3550308,62,481,8329
2021,3550308,88,1200,1042
2021,3550308,6,1748,727
2021,3550308,79,1556,35
2021,3550308,54,1047,721
2021,3550308,74,901,92
2021,3550308,95,319,2693
2021,3550308,51,1074,834
2021,3550308,93,1693,561
2021,3550308,78,429,805
2021,3550308,26,1638,3707
2021,3550308,15,203,130
2021,3550308,48,1810,660
2021,3550308,14,1074,588
2021,3550308,74,373,43
2021,3550308,62,328,467
2021,3550308,16,325,499
2021,3550308,36,51,268
2021,3550308,30,159,193
2021,3550308,85,778,38
2021,3550308,15,1198,432
2021,3550308,16,1137,167
2021,3550308,82,1378,4261
2021,3550308,16,704,170
2021,3550308,94,515,1017
2021,3550308,58,1189,101
2021,3550308,48,1442,130
2021,3550308,53,223,117
2021,3550308,11,1231,498
2021,3550308,16,662,151
2021,3550308,74,882,248
2021,3550308,86,1222,225
2021,3550308,64,810,726
2021,3550308,3,1850,526
2021,3550308,45,637,196
2021,3550308,68,69,357
2021,3550308,86,592,27
2021,3550308,1,1546,159
2021,3550308,17,1379,476
2021,3550308,83,1745,188
2021,3550308,74,1089,150
2021,3550308,93,1705,277
2021,3550308,36,87,1351
2021,3550308,31,550,264
2021,3550308,73,1481,333
2021,3550308,58,1661,171
2021,3550308,67,1366,435
2021,3550308,54,1076,711
2021,3550308,46,39,1635
2021,3550308,82,1213,2583
2021,3550308,70,1402,39
2021,3550308,51,646,186
2021,3550308,30,1117,1251
2021,3550308,35,1772,199
2021,3550308,,1689,16
2021,3550308,71,228,500
2021,3550308,59,1823,380
2021,3550308,71,1504,277
2021,3550308,81,237,252
2021,3550308,63,1403,191
2021,3550308,74,967,102
2021,3550308,34,1341,116
2021,3550308,41,412,71
2021,3550308,83,595,61
2021,3550308,,296,36
2021,3550308,4,601,51
2021,3550308,54,1351,130
2021,3550308,54,1426,193
2021,3550308,41,1382,751
2021,3550308,94,1135,64
2021,3550308,28,362,174
2021,3550308,1,1449,196
2021,3550308,18,43,277
2021,3550308,61,1521,315
2021,3550308,87,1627,258
2021,3550308,34,743,283
2021,3550308,5,919,55
2021,3550308,28,1153,146
2021,3550308,94,1498,213
2021,3550308,84,3,1945
2021,3550308,92,430,878
2021,3550308,29,,1620
2021,3550308,44,922,272
2021,3550308,83,1647,192
2021,3550308,73,1201,195
2021,3550308,16,804,158
2021,3550308,22,659,31
2021,3550308,85,730,3
2021,3550308,55,959,21
2021,3550308,49,1396,131
2021,3550308,78,175,938
2021,3550308,34,621,45
2021,3550308,64,1610,1
2021,3550308,12,800,632
2021,3550308,59,1398,250
2021,3550308,54,1360,79
2021,3550308,58,437,13
2021,3550308,67,950,248
2021,3550308,74,1244,70
2021,3550308,28,904,26
2021,3550308,83,1495,11
2021,3550308,8,144,1170
2021,3550308,17,380,36
2021,3550308,68,1118,416
2021,3550308,15,338,192
2021,3550308,11,1778,237
2021,3550308,78,1175,104
2021,3550308,75,949,185
2021,3550308,74,235,68
2021,3550308,68,1370,153
2021,3550308,95,1399,1254
2021,3550308,31,1793,322
2021,3550308,17,1652,404
2021,3550308,19,76,1347
2021,3550308,29,1344,162
2021,3550308,21,1810,78
2021,3550308,21,867,55
2021,3550308,64,1860,130
2021,3550308,84,1678,55
2021,3550308,21,654,55
2021,3550308,76,1442,56
2021,3550308,5,868,64
2021,3550308,4,1528,437
2021,3550308,16,558,107
2021,3550308,28,1659,38
2021,3550308,42,915,51
2021,3550308,70,258,93
2021,3550308,81,781,13
2021,3550308,19,463,15
2021,3550308,19,1525,355
2021,3550308,63,970,131
2021,3550308,73,1821,116
2021,3550308,34,1666,0
2021,3550308,40,630,59
2021,3550308,4,979,156
2021,3550308,49,1863,164
2021,3550308,42,427,44
2021,3550308,73,557,527
2021,3550308,31,468,64
2021,3550308,58,187,11
2021,3550308,15,1001,318
2021,3550308,83,438,72
2021,3550308,80,233,104
2021,3550308,55,595,10
2021,3550308,18,966,383
2021,3550308,73,1653,31
2021,3550308,28,1165,158
2021,3550308,43,521,138
2021,3550308,50,1437,87
2021,3550308,58,1507,267
2021,3550308,28,1352,185
2021,3550308,53,1086,331
2021,3550308,83,782,12
2021,3550308,47,1638,206
2021,3550308,96,242,183
2021,3550308,41,55,118
2021,3550308,1,1603,10
2021,3550308,47,1285,400
2021,3550308,85,1365,138
2021,3550308,41,15,133
2021,3550308,96,626,208
2021,3550308,44,531,1035
2021,3550308,,1806,20
2021,3550308,20,1298,254
2021,3550308,22,1097,14
2021,3550308,74,905,144
2021,3550308,,416,153
2021,3550308,23,247,44
2021,3550308,85,820,205
2021,3550308,83,1744,112
2021,3550308,31,854,1
2021,3550308,29,888,25
2021,3550308,74,544,93
2021,3550308,16,1155,0
2021,3550308,78,1417,393
2021,3550308,72,1517,14
2021,3550308,45,318,119
2021,3550308,22,342,307
2021,3550308,21,1458,70
2021,3550308,16,1173,141
2021,3550308,84,610,88
2021,3550308,72,1594,224
2021,3550308,87,1474,35
2021,3550308,67,654,47
2021,3550308,55,726,306
2021,3550308,41,1542,37
2021,3550308,42,850,147
2021,3550308,,1726,21
2021,3550308,22,955,46
2021,3550308,34,371,14
2021,3550308,45,505,61
2021,3550308,18,407,166
2021,3550308,58,955,164
2021,3550308,29,1104,1618
2021,3550308,29,336,300
2021,3550308,65,179,115
2021,3550308,40,209,39
2021,3550308,21,1729,57
2021,3550308,79,1406,119
2021,3550308,83,864,43
2021,3550308,22,843,36
2021,3550308,78,1604,1
2021,3550308,78,584,45
2021,3550308,54,384,49
2021,3550308,76,1001,1
2021,3550308,22,514,89
2021,3550308,1,1225,109
2021,3550308,30,921,512
2021,3550308,,621,366
2021,3550308,43,913,34
2021,3550308,74,327,2
2021,3550308,74,727,741
2021,3550308,22,904,6
2021,3550308,44,1832,7
2021,3550308,74,180,81
2021,3550308,94,1709,13
2021,3550308,29,681,104
2021,3550308,12,473,31
2021,3550308,14,798,37
2021,3550308,2,1310,1039
2021,3550308,86,331,90
2021,3550308,77,178,40
2021,3550308,24,174,274
2021,3550308,64,822,181
2021,3550308,22,473,0
2021,3550308,34,556,112
2021,3550308,45,613,70
2021,3550308,35,631,51
2021,3550308,29,464,480
2021,3550308,25,19,354
2021,3550308,18,92,81
2021,3550308,72,1589,162
2021,3550308,17,1746,10
2021,3550308,15,1345,125
2021,3550308,16,1032,72
2021,3550308,18,854,282
2021,3550308,11,1536,7
2021,3550308,45,388,48
2021,3550308,41,875,0
2021,3550308,83,160,71
2021,3550308,70,1621,59
2021,3550308,81,973,196
2021,3550308,41,869,13
2021,3550308,28,1579,68
2021,3550308,85,1744,191
2021,3550308,96,921,339
2021,3550308,83,778,135
2021,3550308,22,821,160
2021,3550308,49,1285,94
2021,3550308,78,1776,145
2021,3550308,4,1211,39
2021,3550308,49,196,19
2021,3550308,18,521,83
2021,3550308,,1261,1250
2021,3550308,17,1610,29
2021,3550308,78,198,121
2021,3550308,63,918,269
2021,3550308,64,1808,27
2021,3550308,28,934,0
2021,3550308,95,1517,7
2021,3550308,26,815,95
2021,3550308,48,1356,1482
2021,3550308,21,424,0
2021,3550308,50,,90
2021,3550308,21,751,84
2021,3550308,22,1224,8
2021,3550308,94,776,345
2021,3550308,21,965,0
2021,3550308,72,120,32
2021,3550308,36,1435,2
2021,3550308,49,965,46
2021,3550308,17,306,11
2021,3550308,47,1818,13
2021,3550308,54,1361,52
2021,3550308,88,1380,340
2021,3550308,42,679,129
2021,3550308,,149,1
2021,3550308,45,1699,7
2021,3550308,18,551,59
2021,3550308,55,353,265
2021,3550308,35,755,183
2021,3550308,74,887,0
2021,3550308,39,160,3
2021,3550308,22,769,24
2021,3550308,5,167,169
2021,3550308,46,504,1
2021,3550308,44,251,67
2021,3550308,75,181,16
2021,3550308,82,497,138
2021,3550308,41,1014,14
2021,3550308,5,74,134
2021,3550308,42,257,59
2021,3550308,13,1531,14
2021,3550308,,1707,0
2021,3550308,28,1168,11
2021,3550308,53,710,60
2021,3550308,76,79,52
2021,3550308,31,315,110
2021,3550308,16,732,4
2021,3550308,15,368,20
2021,3550308,58,301,181
2021,3550308,51,1282,37
2021,3550308,72,671,110
2021,3550308,28,1563,73
2021,3550308,54,1449,49
2021,3550308,28,1836,0
2021,3550308,72,715,43
2021,3550308,75,892,381
2021,3550308,16,693,107
2021,3550308,34,1806,5
2021,3550308,37,1539,183
2021,3550308,85,1112,93
2021,3550308,57,672,794
2021,3550308,89,1608,97
2021,3550308,,741,0
2021,3550308,18,904,41
2021,3550308,76,863,3
2021,3550308,,353,8
2021,3550308,22,333,53
2021,3550308,21,1000,2
2021,3550308,74,1179,8
2021,3550308,,63,12
2021,3550308,40,153,25
2021,3550308,88,356,67
2021,3550308,41,218,3
2021,3550308,86,494,4
2021,3550308,48,191,17
2021,3550308,55,103,18
2021,3550308,35,268,188
2021,3550308,22,367,253
2021,3550308,18,161,86
2021,3550308,39,595,10
2021,3550308,22,844,116
2021,3550308,71,819,1057
2021,3550308,16,851,0
2021,3550308,92,1498,87
2021,3550308,41,1232,1139
2021,3550308,32,1638,6
2021,3550308,7,1074,305
2021,3550308,,424,2
2021,3550308,96,1112,32
2021,3550308,85,1258,64
2021,3550308,27,1556,385
2021,3550308,45,1534,8
2021,3550308,9,1282,316
2021,3550308,67,1865,8
2021,3550308,70,1377,20
2021,3550308,15,1782,17
2021,3550308,37,1704,0
2021,3550308,11,288,1
2021,3550308,18,706,22
2021,3550308,9,1325,64
2021,3550308,74,145,69
2021,3550308,18,680,26
2021,3550308,73,783,5
2021,3550308,87,1552,72
2021,3550308,62,14,1367
2021,3550308,2,1007,50
2021,3550308,,1385,0
2021,3550308,33,1792,4
2021,3550308,37,188,71
2021,3550308,17,1530,18
2021,3550308,65,291,74
2021,3550308,42,936,42
2021,3550308,21,1501,36
2021,3550308,71,129,0
2021,3550308,34,1025,93
2021,3550308,65,260,126
2021,3550308,41,,1
2021,3550308,78,961,0
2021,3550308,1,572,12
2021,3550308,74,202,9
2021,3550308,42,1564,290
2021,3550308,35,838,13
2021,3550308,88,1274,0
2021,3550308,,789,43
2021,3550308,43,966,11
2021,3550308,70,1106,318
2021,3550308,41,1128,0
2021,3550308,73,837,6
2021,3550308,41,1387,8
2021,3550308,46,1087,96
2021,3550308,45,365,38
2021,3550308,37,234,0
2021,3550308,46,690,0
2021,3550308,73,1027,24
2021,3550308,3,193,0
2021,3550308,74,977,31
2021,3550308,55,936,9
2021,3550308,8,1059,0
2021,3550308,67,381,31
2021,3550308,21,1784,2
2021,3550308,36,740,26
2021,3550308,93,1295,1
2021,3550308,22,686,27
2021,3550308,37,587,0
2021,3550308,30,1540,1
2021,3550308,,1818,16
2021,3550308,38,8,101
2021,3550308,78,928,158
2021,3550308,43,680,2
2021,3550308,,1700,40
2021,3550308,58,1389,25
2021,3550308,35,1225,0
2021,3550308,78,1283,7
2021,3550308,17,1409,1
2021,3550308,,1207,3
2021,3550308,64,919,13
2021,3550308,37,40,73
2021,3550308,41,134,29
2021,3550308,22,823,34
2021,3550308,74,868,20
2021,3550308,,984,11
2021,3550308,,949,3
2021,3550308,73,988,29
2021,3550308,22,283,40
2021,3550308,,595,11
2021,3550308,,66,19
2021,3550308,38,1210,2028
2021,3550308,,1082,19
2021,3550308,64,1519,45
2021,3550308,29,1077,12
2021,3550308,15,1082,93
2021,3550308,,469,0
2021,3550308,15,376,8
2021,3550308,74,481,0
2021,3550308,35,1601,0
2021,3550308,28,1708,0
2021,3550308,41,827,1
2021,3550308,,1264,1
2021,3550308,3,9,18
2021,3550308,1,,138
2021,3550308,44,,3
2021,3550308,55,1194,8
2021,3550308,29,639,0
2021,3550308,86,111,7
2021,3550308,78,1764,0
2021,3550308,76,932,11
2021,3550308,76,732,0
2021,3550308,90,1554,16
2021,3550308,63,232,28
2021,3550308,,1804,0
2021,3550308,39,1801,0
2021,3550308,46,1014,9
2021,3550308,,585,0
2021,3550308,85,975,0
2021,3550308,80,1059,674
2021,3550308,76,1838,30
2021,3550308,55,538,5
2021,3550308,,257,1
2021,3550308,22,1661,0
2021,3550308,,1465,32
2021,3550308,55,768,4
2021,3550308,,722,8
2021,3550308,22,229,26
2021,3550308,16,885,17
2021,3550308,37,517,2
2021,3550308,17,1374,8
2021,3550308,53,1359,14
2021,3550308,73,102,14
2021,3550308,88,613,0
2021,3550308,94,1573,3
2021,3550308,79,384,0
2021,3550308,81,234,0
2021,3550308,45,721,23
2021,3550308,,936,4
2021,3550308,29,1664,0
2021,3550308,29,200,0
2021,3550308,77,80,21
2021,3550308,55,66,17
2021,3550308,,1521,0
2021,3550308,28,1336,2
2021,3550308,,1638,1
2021,3550308,,179,6
2021,3550308,2,1711,1
2021,3550308,51,169,2
2021,3550308,,974,68
2021,3550308,41,779,7
2021,3550308,49,1025,12
2021,3550308,38,1520,59
2021,3550308,51,771,73
2021,3550308,84,1734,21
2021,3550308,29,922,10
2021,3550308,,172,3
2021,3550308,,1572,0
2021,3550308,22,812,1
2021,3550308,65,1002,0
2021,3550308,1,30,0
2021,3550308,34,850,2
2021,3550308,,144,0
2021,3550308,38,,0
2021,3550308,79,1874,0
2021,3550308,22,826,14
2021,3550308,83,585,0
2021,3550308,74,625,4
2021,3550308,67,1166,0
2021,3550308,,1081,1
2021,3550308,29,1291,4
2021,3550308,50,1054,20
2021,3550308,,371,0
2021,3550308,28,271,0
2021,3550308,33,116,0
2021,3550308,81,587,0
2021,3550308,73,1430,286
2021,3550308,41,828,0
2021,3550308,24,1269,0
2021,3550308,29,303,1
2021,3550308,27,731,13
2021,3550308,72,1595,39
2021,3550308,55,1633,41
2021,3550308,11,1497,2
2021,3550308,11,1847,0
2021,3550308,,1173,0
2021,3550308,71,534,13
2021,3550308,,684,0
2021,3550308,33,550,0
2021,3550308,83,1347,0
2021,3550308,3,250,4
2021,3550308,49,1647,0
2021,3550308,78,1778,0
2021,3550308,,1181,0
2021,3550308,68,1293,1
2021,3550308,18,1787,0
2021,3550308,,317,0
2021,3550308,,1431,2
2021,3550308,67,615,0
2021,3550308,24,946,0
2021,3550308,84,1648,0
2021,3550308,74,622,0
2021,3550308,87,946,0
2021,3550308,,347,0
2021,3550308,94,1790,0
2021,3550308,,,314949
2021,3550308,33,1716,83437
2021,3550308,14,90,4810
2021,3550308,27,1123,849
2021,3550308,93,1759,6524
2021,3550308,8,34,11339
2021,3550308,12,98,5101
2021,3550308,86,1678,1440
2021,3550308,67,256,501
2021,3550308,45,1044,825
2021,3550308,22,1040,169
2021,3550308,7,22,93687
2021,3550308,25,47,1996
2021,3550308,15,1813,670
2021,3550308,47,1046,15889
2021,3550308,92,1462,27329
2021,3550308,64,634,312
2021,3550308,65,790,139
2021,3550308,16,382,1167
2021,3550308,4,1364,2982
2021,3550308,64,973,112
2021,3550308,10,34,49271
2021,3550308,73,780,66
2021,3550308,90,1618,6187
2021,3550308,28,1727,1131
2021,3550308,82,1316,48900
2021,3550308,87,1120,90
2021,3550308,56,1078,5791
2021,3550308,46,1781,11710
2021,3550308,8,30,8590
2021,3550308,96,602,489
2021,3550308,75,1215,4372
2021,3550308,74,565,942
2021,3550308,1,1401,4196
2021,3550308,48,1437,162
2021,3550308,67,,23244
2021,3550308,6,2,38083
2021,3550308,8,,24783
2021,3550308,93,1516,218
2021,3550308,81,1430,616
2021,3550308,91,1725,993
2021,3550308,80,,17180
2021,3550308,47,,6670
2021,3550308,51,246,43187
2021,3550308,36,1791,4100
2021,3550308,89,540,404
2021,3550308,95,1430,672
2021,3550308,35,1081,774
2021,3550308,21,8,2748
2021,3550308,39,256,62456
2021,3550308,4,1028,2020
2021,3550308,86,884,81
2021,3550308,22,52,3966
2021,3550308,96,386,280
2021,3550308,68,1868,1961
2021,3550308,95,1574,469
2021,3550308,73,1589,739
2021,3550308,78,581,646
2021,3550308,17,92,441
2021,3550308,15,,3193
2021,3550308,73,1792,269
2021,3550308,84,1709,607
2021,3550308,52,1169,10304
2021,3550308,18,561,123
2021,3550308,22,1312,425
2021,3550308,12,343,6166
2021,3550308,27,1804,30
2021,3550308,13,1489,648
2021,3550308,83,1318,1116
2021,3550308,57,227,539
2021,3550308,51,1677,8532
2021,3550308,65,1343,132
2021,3550308,78,1113,636
2021,3550308,15,1041,5514
2021,3550308,74,379,744
2021,3550308,15,1346,8776
2021,3550308,27,1116,2039
2021,3550308,49,1783,322
2021,3550308,22,281,432
2021,3550308,20,1443,3843
2021,3550308,82,3,188
2021,3550308,48,816,495
2021,3550308,55,1077,1327
2021,3550308,81,672,203
2021,3550308,48,2,2357
2021,3550308,37,909,315
2021,3550308,94,1567,174
2021,3550308,74,1205,2504
2021,3550308,28,695,48
2021,3550308,43,1086,7886
2021,3550308,45,1086,9554
2021,3550308,71,374,3038
2021,3550308,33,36,10618
2021,3550308,26,1556,1594
2021,3550308,67,614,705
2021,3550308,71,134,34131
2021,3550308,40,1420,248
2021,3550308,63,1658,405
2021,3550308,69,53,20817
2021,3550308,88,1592,3382
2021,3550308,45,788,5185
2021,3550308,21,1047,448
2021,3550308,47,200,230
2021,3550308,65,39,79
2021,3550308,30,875,85
2021,3550308,61,,728
2021,3550308,79,1638,1879
2021,3550308,48,1047,1730
2021,3550308,20,1391,360
2021,3550308,75,80,2071
2021,3550308,68,248,757
2021,3550308,82,265,80
2021,3550308,1,1718,1107
2021,3550308,93,100,5038
2021,3550308,85,1851,1714
2021,3550308,39,1605,907
2021,3550308,33,1470,18533
2021,3550308,,648,40
2021,3550308,79,1069,3949
2021,3550308,28,1371,1604
2021,3550308,15,879,384
2021,3550308,67,582,433
2021,3550308,16,1741,960
2021,3550308,22,840,1144
2021,3550308,65,185,941
2021,3550308,80,1535,6589
2021,3550308,65,,1813
2021,3550308,35,1540,205
2021,3550308,38,687,283
2021,3550308,32,1663,4773
2021,3550308,84,1274,849
2021,3550308,29,249,1408
2021,3550308,96,,2686
2021,3550308,72,884,5054
2021,3550308,57,533,3935
2021,3550308,36,1388,1282
2021,3550308,89,1559,7030
2021,3550308,90,1462,2662
2021,3550308,43,788,18274
2021,3550308,92,1074,20439
2021,3550308,69,1413,2661
2021,3550308,78,99,2301
2021,3550308,39,,17897
2021,3550308,83,1344,7304
2021,3550308,46,1356,12162
2021,3550308,46,1580,2365
2021,3550308,68,1436,166
2021,3550308,68,1623,2974
2021,3550308,54,1468,343
2021,3550308,18,428,1003
2021,3550308,25,1266,7569
2021,3550308,65,396,207
2021,3550308,17,1836,856
2021,3550308,67,1605,816
2021,3550308,41,1150,612
2021,3550308,16,,1019
2021,3550308,65,450,263
2021,3550308,26,,2584
2021,3550308,29,154,171
2021,3550308,95,1615,1423
2021,3550308,19,1150,339
2021,3550308,71,,86831
2021,3550308,30,,827
2021,3550308,63,568,1587
2021,3550308,94,1822,1406
2021,3550308,26,1284,2788
2021,3550308,80,34,802
2021,3550308,85,1076,1314
2021,3550308,49,1046,9038
2021,3550308,29,1117,352
2021,3550308,69,1325,2522
2021,3550308,91,921,5075
2021,3550308,74,1274,1972
2021,3550308,92,7,124
2021,3550308,21,1467,710
2021,3550308,67,477,1042
2021,3550308,94,1648,1569
2021,3550308,90,1616,3137
2021,3550308,13,1663,1709
2021,3550308,59,233,439
2021,3550308,91,1483,249
2021,3550308,33,788,1470
2021,3550308,36,1433,6850
2021,3550308,54,1674,2294
2021,3550308,96,232,422
2021,3550308,,83,393
2021,3550308,32,,490
2021,3550308,58,24,1861
2021,3550308,96,39,1688
2021,3550308,22,548,502
2021,3550308,,1441,433
2021,3550308,36,331,457
2021,3550308,71,268,7066
2021,3550308,93,1646,6667
2021,3550308,20,85,228
2021,3550308,41,1158,1327
2021,3550308,16,1088,905
2021,3550308,22,669,315
2021,3550308,71,559,93
2021,3550308,4,1778,459
2021,3550308,21,446,52
2021,3550308,30,922,251
2021,3550308,44,392,24
2021,3550308,22,923,620
2021,3550308,24,136,201
2021,3550308,73,1811,117
2021,3550308,96,531,1061
2021,3550308,33,1060,414
2021,3550308,30,1614,477
2021,3550308,82,64,5581
2021,3550308,25,,5471
2021,3550308,59,1418,186
2021,3550308,30,232,629
2021,3550308,21,,204
2021,3550308,74,492,927
2021,3550308,42,1340,346
2021,3550308,78,808,1365
2021,3550308,83,1317,565
2021,3550308,48,1839,2183
2021,3550308,65,596,445
2021,3550308,37,705,1000
2021,3550308,,755,174
2021,3550308,92,1029,1693
2021,3550308,80,1046,1285
2021,3550308,33,481,1800
2021,3550308,72,1105,963
2021,3550308,60,1071,2922
2021,3550308,90,1074,1507
2021,3550308,13,,6585
2021,3550308,64,966,313
2021,3550308,74,1754,468
2021,3550308,23,,966
2021,3550308,63,839,665
2021,3550308,31,894,398
2021,3550308,49,,1576
2021,3550308,83,661,124
2021,3550308,12,1086,2393
2021,3550308,53,1858,3745
2021,3550308,27,1798,145
2021,3550308,6,1344,772
2021,3550308,83,,2777
2021,3550308,77,1069,1336
2021,3550308,96,1851,1006
2021,3550308,70,1056,608
2021,3550308,53,735,81
2021,3550308,16,1004,446
2021,3550308,26,1664,442
2021,3550308,1,1059,150
2021,3550308,36,1732,2113
2021,3550308,,1506,100
2021,3550308,52,12,5261
2021,3550308,39,1467,81
2021,3550308,16,944,154
2021,3550308,85,1546,107
2021,3550308,5,40,529
2021,3550308,84,18,122
2021,3550308,85,1075,936
2021,3550308,34,108,132
2021,3550308,20,134,452
2021,3550308,94,995,206
2021,3550308,84,1557,1067
2021,3550308,78,272,1006
2021,3550308,34,241,229
2021,3550308,66,201,2914
2021,3550308,96,1076,110
2021,3550308,19,1365,36
2021,3550308,75,1126,243
2021,3550308,,1296,36
2021,3550308,54,794,2822
2021,3550308,58,578,36
2021,3550308,18,258,101
2021,3550308,40,1459,49
2021,3550308,35,149,46
2021,3550308,35,1432,310
2021,3550308,29,1219,152
2021,3550308,40,560,359
2021,3550308,21,1509,47
2021,3550308,53,780,339
2021,3550308,76,618,111
2021,3550308,41,395,84
2021,3550308,24,171,480
2021,3550308,40,447,22
2021,3550308,4,750,71
2021,3550308,28,1067,1830
2021,3550308,74,142,213
2021,3550308,29,978,239
2021,3550308,54,1491,501
2021,3550308,20,1449,247
2021,3550308,42,531,1246
2021,3550308,41,839,216
2021,3550308,76,1478,704
2021,3550308,81,895,5059
2021,3550308,42,,1136
2021,3550308,34,1837,261
2021,3550308,34,61,558
2021,3550308,21,1004,292
2021,3550308,53,1022,34
2021,3550308,42,1832,143
2021,3550308,65,828,201
2021,3550308,65,520,165
2021,3550308,37,901,1
2021,3550308,55,200,178
2021,3550308,73,1488,159
2021,3550308,83,1192,20
2021,3550308,93,1555,1638
2021,3550308,22,516,576
2021,3550308,21,703,706
2021,3550308,55,563,55
2021,3550308,53,1169,1863
2021,3550308,27,1020,142
2021,3550308,4,835,58
2021,3550308,74,955,0
2021,3550308,42,1561,262
2021,3550308,58,329,97
2021,3550308,45,1145,130
2021,3550308,48,1620,143
2021,3550308,17,636,86
2021,3550308,84,497,201
2021,3550308,74,342,42
2021,3550308,78,1522,118
2021,3550308,4,383,194
2021,3550308,17,806,266
2021,3550308,92,1648,119
2021,3550308,93,992,282
2021,3550308,45,1678,30
2021,3550308,96,1343,155
2021,3550308,83,1682,304
2021,3550308,73,1505,74
2021,3550308,36,930,91
2021,3550308,49,1549,71
2021,3550308,88,695,350
2021,3550308,55,1102,46
2021,3550308,,697,18
2021,3550308,63,1385,18
2021,3550308,21,1391,95
2021,3550308,73,1451,10
2021,3550308,15,204,47
2021,3550308,17,1764,377
2021,3550308,22,882,64
2021,3550308,13,1046,48
2021,3550308,82,1282,357
2021,3550308,28,1384,244
2021,3550308,48,1393,296
2021,3550308,63,1692,194
2021,3550308,89,11,206
2021,3550308,,189,203
2021,3550308,88,1146,65
2021,3550308,37,919,114
2021,3550308,86,956,22
2021,3550308,30,1376,172
2021,3550308,54,1784,99
2021,3550308,4,1205,155
2021,3550308,3,889,813
2021,3550308,65,474,103
2021,3550308,55,137,24
2021,3550308,20,917,14
2021,3550308,22,121,0
2021,3550308,22,752,0
2021,3550308,40,329,46
2021,3550308,21,1011,55
2021,3550308,74,1101,1444
2021,3550308,28,1820,177
2021,3550308,11,1834,126
2021,3550308,82,1648,62
2021,3550308,29,1188,16
2021,3550308,78,1156,9
2021,3550308,16,126,691
2021,3550308,16,1041,32
2021,3550308,74,847,176
2021,3550308,,1004,0
2021,3550308,45,479,234
2021,3550308,13,1449,4
2021,3550308,64,1533,74
2021,3550308,41,1053,26
2021,3550308,74,891,111
2021,3550308,55,,1951
2021,3550308,91,1853,407
2021,3550308,75,,42
2021,3550308,78,1713,149
2021,3550308,93,536,89
2021,3550308,1,1806,15
2021,3550308,68,345,3987
2021,3550308,86,868,70
2021,3550308,55,141,39
2021,3550308,27,1694,43
2021,3550308,16,264,523
2021,3550308,29,756,168
2021,3550308,,409,143
2021,3550308,26,1266,1762
2021,3550308,41,135,147
2021,3550308,45,1656,164
2021,3550308,49,375,17
2021,3550308,17,891,63
2021,3550308,74,696,31
2021,3550308,11,280,134
2021,3550308,86,740,89
2021,3550308,18,566,196
2021,3550308,76,939,134
2021,3550308,,1614,26
2021,3550308,41,1203,76
2021,3550308,45,868,5
2021,3550308,11,674,68
2021,3550308,87,1779,59
2021,3550308,22,841,2
2021,3550308,67,39,306
2021,3550308,70,95,829
2021,3550308,63,1446,0
2021,3550308,41,296,154
2021,3550308,41,401,20
2021,3550308,34,697,45
2021,3550308,78,783,23
2021,3550308,74,521,5
2021,3550308,83,545,3
2021,3550308,75,577,6
2021,3550308,29,1220,5
2021,3550308,76,1839,11
2021,3550308,5,1771,128
2021,3550308,76,1857,118
2021,3550308,81,969,5
2021,3550308,55,26,149
2021,3550308,85,,51
2021,3550308,44,1818,43
2021,3550308,18,664,240
2021,3550308,78,1821,0
2021,3550308,74,252,2
2021,3550308,28,1757,308
2021,3550308,21,692,20
2021,3550308,45,1065,30
2021,3550308,28,1410,1
2021,3550308,96,760,250
2021,3550308,20,1525,146
2021,3550308,15,811,8
2021,3550308,87,120,410
2021,3550308,30,689,26
2021,3550308,18,1226,48
2021,3550308,75,845,15
2021,3550308,21,1037,1
2021,3550308,63,926,254
2021,3550308,,1854,45
2021,3550308,11,761,68
2021,3550308,81,1303,479
2021,3550308,21,289,370
2021,3550308,27,815,1
2021,3550308,28,1641,142
2021,3550308,76,1869,95
2021,3550308,2,,349
2021,3550308,78,988,109
2021,3550308,16,467,60
2021,3550308,68,1643,232
2021,3550308,68,931,141
2021,3550308,,1535,0
2021,3550308,36,586,145
2021,3550308,42,618,751
2021,3550308,26,1651,374
2021,3550308,93,,252
2021,3550308,84,592,34
2021,3550308,40,1377,133
2021,3550308,38,1023,17
2021,3550308,,1253,140
2021,3550308,36,1670,103
2021,3550308,15,1339,0
2021,3550308,81,560,802
2021,3550308,88,1773,33
2021,3550308,52,1460,11
2021,3550308,88,946,59
2021,3550308,17,593,100
2021,3550308,88,808,51
2021,3550308,33,1045,2
2021,3550308,70,1515,568
2021,3550308,38,254,1074
2021,3550308,30,75,89
2021,3550308,41,963,22
2021,3550308,21,1449,210
2021,3550308,78,164,278
2021,3550308,53,1668,249
2021,3550308,36,637,59
2021,3550308,92,705,223
2021,3550308,,93,53
2021,3550308,22,1757,39
2021,3550308,41,537,108
2021,3550308,35,1859,107
2021,3550308,15,1320,126
2021,3550308,8,13,1206
2021,3550308,79,615,41
2021,3550308,89,1554,788
2021,3550308,20,,931
2021,3550308,33,459,578
2021,3550308,78,1860,39
2021,3550308,81,1611,11
2021,3550308,20,1681,20
2021,3550308,10,30,377
2021,3550308,22,400,52
2021,3550308,,1054,53
2021,3550308,,182,4
2021,3550308,73,120,16
2021,3550308,27,605,126
2021,3550308,64,617,27
2021,3550308,88,17,63
2021,3550308,59,1524,42
2021,3550308,4,854,141
2021,3550308,31,1027,24
2021,3550308,77,1638,698
2021,3550308,21,875,15
2021,3550308,76,733,73
2021,3550308,74,1036,0
2021,3550308,,226,0
2021,3550308,9,1238,238
2021,3550308,19,1799,99
2021,3550308,22,668,172
2021,3550308,89,1637,193
2021,3550308,18,324,2
2021,3550308,34,541,8
2021,3550308,67,1795,1
2021,3550308,28,1834,8
2021,3550308,,219,26
2021,3550308,16,900,25
2021,3550308,31,1313,276
2021,3550308,74,702,239
2021,3550308,41,1206,114
2021,3550308,48,1513,120
2021,3550308,18,1610,9
2021,3550308,65,860,7
2021,3550308,83,791,40
2021,3550308,27,793,255
2021,3550308,37,1648,44
2021,3550308,17,1778,3
2021,3550308,38,569,3
2021,3550308,6,1266,320
2021,3550308,76,1367,39
2021,3550308,30,1387,17
2021,3550308,,855,10
2021,3550308,22,554,80
2021,3550308,87,891,1
2021,3550308,44,172,3
2021,3550308,76,267,23
2021,3550308,37,1146,172
2021,3550308,58,1358,67
2021,3550308,84,1475,127
2021,3550308,18,358,14
2021,3550308,11,177,112
2021,3550308,74,1785,87
2021,3550308,34,703,67
2021,3550308,32,725,80
2021,3550308,11,1568,11
2021,3550308,,1317,2
2021,3550308,61,861,94
2021,3550308,18,705,29
2021,3550308,,1767,20
2021,3550308,42,1740,11
2021,3550308,21,1783,9
2021,3550308,71,476,205
2021,3550308,22,919,327
2021,3550308,29,1411,1
2021,3550308,10,,227
2021,3550308,83,226,90
2021,3550308,27,1457,1
2021,3550308,,173,7
2021,3550308,29,722,92
2021,3550308,4,526,3
2021,3550308,5,904,23
2021,3550308,86,1567,65
2021,3550308,68,1473,5
2021,3550308,76,,0
2021,3550308,88,968,42
2021,3550308,34,960,1
2021,3550308,4,1164,146
2021,3550308,74,1093,2
2021,3550308,20,985,26
2021,3550308,67,749,3
2021,3550308,80,1057,14
2021,3550308,,1376,0
2021,3550308,29,571,22
2021,3550308,6,,124
2021,3550308,68,983,6
2021,3550308,55,779,1
2021,3550308,15,981,163
2021,3550308,75,405,0
2021,3550308,96,450,9
2021,3550308,22,1435,0
2021,3550308,74,759,2
2021,3550308,18,1379,67
2021,3550308,49,580,0
2021,3550308,67,757,1
2021,3550308,1,1607,0
2021,3550308,,1741,5
2021,3550308,22,459,30
2021,3550308,1,1766,556
2021,3550308,34,1635,1
2021,3550308,89,1380,87
2021,3550308,,631,35
2021,3550308,53,772,41
2021,3550308,42,71,89
2021,3550308,38,335,0
2021,3550308,41,213,3
2021,3550308,12,1263,37
2021,3550308,49,1270,0
2021,3550308,,1068,0
2021,3550308,10,1051,41
2021,3550308,55,1253,61
2021,3550308,73,1417,48
2021,3550308,42,143,88
2021,3550308,35,1408,90
2021,3550308,81,610,16
2021,3550308,87,261,141
2021,3550308,57,1826,6
2021,3550308,92,316,56
2021,3550308,,76,55
2021,3550308,,1681,9
2021,3550308,65,614,32
2021,3550308,,886,21
2021,3550308,72,1090,9
2021,3550308,72,1252,2
2021,3550308,3,1595,0
2021,3550308,77,351,121
2021,3550308,68,553,23
2021,3550308,,1397,133
2021,3550308,87,1589,23
2021,3550308,30,531,3
2021,3550308,22,899,2
2021,3550308,15,1467,0
2021,3550308,95,529,0
2021,3550308,78,1409,14
2021,3550308,47,922,27
2021,3550308,85,349,8
2021,3550308,72,1619,281
2021,3550308,54,1396,24
2021,3550308,,26,229
2021,3550308,41,1431,3
2021,3550308,37,361,19
2021,3550308,62,240,100
2021,3550308,71,1346,25
2021,3550308,83,1877,1
2021,3550308,43,1012,6
2021,3550308,70,1554,103
2021,3550308,36,562,13
2021,3550308,93,1241,244
2021,3550308,18,720,102
2021,3550308,41,484,43
2021,3550308,78,553,2
2021,3550308,29,1207,4
2021,3550308,73,319,107
2021,3550308,74,1842,17
2021,3550308,87,1792,17
2021,3550308,61,118,70
2021,3550308,44,789,40
2021,3550308,22,458,6
2021,3550308,,1605,0
2021,3550308,16,132,0
2021,3550308,31,901,0
2021,3550308,,241,3
2021,3550308,38,1707,0
2021,3550308,93,308,3
2021,3550308,27,1383,0
2021,3550308,68,1562,22
2021,3550308,76,222,4
2021,3550308,42,387,22
2021,3550308,38,1154,2
2021,3550308,48,1344,6
2021,3550308,76,577,7
2021,3550308,,1262,4
2021,3550308,45,426,1
2021,3550308,41,501,0
2021,3550308,81,262,0
2021,3550308,,1723,0
2021,3550308,,1077,65
2021,3550308,1,959,4
2021,3550308,,824,3
2021,3550308,,938,28
2021,3550308,61,1287,43
2021,3550308,16,916,3
2021,3550308,25,83,2
2021,3550308,,838,5
2021,3550308,18,677,4
2021,3550308,18,1324,40
2021,3550308,5,1533,0
2021,3550308,74,105,49
2021,3550308,92,1226,15
2021,3550308,,251,1
2021,3550308,,208,0
2021,3550308,87,69,0
2021,3550308,,871,0
2021,3550308,22,578,0
2021,3550308,84,1167,5
2021,3550308,,1221,50
2021,3550308,35,1448,2
2021,3550308,41,1427,3
2021,3550308,94,705,3
2021,3550308,55,1307,1
2021,3550308,22,1208,2
2021,3550308,34,1703,0
2021,3550308,,417,8
2021,3550308,,1447,0
2021,3550308,39,1548,0
2021,3550308,67,925,0
2021,3550308,76,1770,9
2021,3550308,67,1490,0
2021,3550308,35,1181,8
2021,3550308,,256,4
2021,3550308,28,334,0
2021,3550308,,1281,2
2021,3550308,,47,6
2021,3550308,58,737,0
2021,3550308,81,1526,0
2021,3550308,63,296,3
2021,3550308,23,606,3
2021,3550308,11,70,44
2021,3550308,57,904,1
2021,3550308,88,337,0
2021,3550308,20,1545,0
2021,3550308,34,1864,0
2021,3550308,81,1476,0
2021,3550308,17,920,0
2021,3550308,,1343,0
2021,3550308,,1139,0
2021,3550308,86,70,0
2021,3550308,35,1502,0
2021,3550308,47,1489,14
2021,3550308,,1817,4
2021,3550308,29,1251,0
2021,3550308,14,1732,0
2021,3550308,44,1609,527
2021,3550308,91,1804,16
2021,3550308,,960,0
2021,3550308,36,482,0
2021,3550308,73,1283,0
2021,3550308,90,1608,2
2021,3550308,48,122,0
2021,3550308,15,1444,11
2021,3550308,79,254,0
2021,3550308,,1102,0
2021,3550308,22,1024,0
2021,3550308,,137,0
2021,3550308,,1232,0
2021,3550308,,207,0
2021,3550308,,731,1
2021,3550308,,1344,2
2021,3550308,41,27,3
2021,3550308,18,1461,0
2021,3550308,78,1840,0
2021,3550308,41,322,0
2021,3550308,,861,0
2021,3550308,73,1570,26
2021,3550308,,1138,1
2021,3550308,78,946,0
2021,3550308,46,1748,0
2021,3550308,21,530,0
2021,3550308,,222,0
2021,3550308,84,237,0
2021,3550308,,1443,0
2021,3550308,48,,0
2021,3550308,96,890,0
2021,3550308,28,1623,0
2021,3550308,,1277,0
